[{"_allAttributes":{"publicAttributes":[{"name":"record-id","memberType":0,"decorator":0,"location":{"uri":"file:///c%3A/Users/10741544/clashingtitans/clashingtitans/force-app/main/default/lwc/productDetails/productDetails.js","range":{"start":{"line":4,"character":4},"end":{"line":4,"character":18}}},"detail":"LWC custom attribute"}],"privateAttributes":[{"name":"product","memberType":0,"decorator":1,"location":{"uri":"file:///c%3A/Users/10741544/clashingtitans/clashingtitans/force-app/main/default/lwc/productDetails/productDetails.js","range":{"start":{"line":5,"character":4},"end":{"line":5,"character":19}}},"detail":"LWC custom attribute"},{"name":"is-loading","memberType":0,"decorator":1,"location":{"uri":"file:///c%3A/Users/10741544/clashingtitans/clashingtitans/force-app/main/default/lwc/productDetails/productDetails.js","range":{"start":{"line":6,"character":4},"end":{"line":6,"character":29}}},"detail":"LWC custom attribute"},{"name":"error","memberType":0,"decorator":1,"location":{"uri":"file:///c%3A/Users/10741544/clashingtitans/clashingtitans/force-app/main/default/lwc/productDetails/productDetails.js","range":{"start":{"line":7,"character":4},"end":{"line":7,"character":17}}},"detail":"LWC custom attribute"}]},"_properties":null,"_methods":[{"name":"connectedCallback","type":"method","loc":{"start":{"line":10,"column":4},"end":{"line":12,"column":5}}},{"name":"fetchProductDetails","type":"method","loc":{"start":{"line":15,"column":4},"end":{"line":29,"column":5}}}],"file":"c:/Users/10741544/clashingtitans/clashingtitans/force-app/main/default/lwc/productDetails/productDetails.js","metadata":{"decorators":[{"type":"api","targets":[{"name":"recordId","type":"property","value":{"type":"unresolved"}}]},{"type":"track","targets":[{"name":"product","type":"property"},{"name":"isLoading","type":"property"},{"name":"error","type":"property"}]}],"classMembers":[{"name":"recordId","type":"property","value":{"type":"unresolved"},"decorator":"api","loc":{"start":{"line":5,"column":4},"end":{"line":5,"column":18}}},{"name":"product","type":"property","decorator":"track","loc":{"start":{"line":6,"column":4},"end":{"line":6,"column":19}}},{"name":"isLoading","type":"property","value":{"type":"boolean","value":false},"decorator":"track","loc":{"start":{"line":7,"column":4},"end":{"line":7,"column":29}}},{"name":"error","type":"property","decorator":"track","loc":{"start":{"line":8,"column":4},"end":{"line":8,"column":17}}},{"name":"connectedCallback","type":"method","loc":{"start":{"line":10,"column":4},"end":{"line":12,"column":5}}},{"name":"fetchProductDetails","type":"method","loc":{"start":{"line":15,"column":4},"end":{"line":29,"column":5}}}],"declarationLoc":{"start":{"line":4,"column":0},"end":{"line":30,"column":1}},"doc":"","exports":[{"type":"ExportDefaultDeclaration"}]},"updatedAt":"2025-05-24T10:35:49.872Z"},{"_allAttributes":{"publicAttributes":[],"privateAttributes":[{"name":"search-key","memberType":0,"decorator":1,"location":{"uri":"file:///c%3A/Users/10741544/clashingtitans/clashingtitans/force-app/main/default/lwc/productSearch/productSearch.js","range":{"start":{"line":4,"character":4},"end":{"line":4,"character":26}}},"detail":"LWC custom attribute"},{"name":"products","memberType":0,"decorator":1,"location":{"uri":"file:///c%3A/Users/10741544/clashingtitans/clashingtitans/force-app/main/default/lwc/productSearch/productSearch.js","range":{"start":{"line":5,"character":4},"end":{"line":5,"character":20}}},"detail":"LWC custom attribute"},{"name":"error","memberType":0,"decorator":1,"location":{"uri":"file:///c%3A/Users/10741544/clashingtitans/clashingtitans/force-app/main/default/lwc/productSearch/productSearch.js","range":{"start":{"line":6,"character":4},"end":{"line":6,"character":17}}},"detail":"LWC custom attribute"},{"name":"columns","memberType":0,"location":{"uri":"file:///c%3A/Users/10741544/clashingtitans/clashingtitans/force-app/main/default/lwc/productSearch/productSearch.js","range":{"start":{"line":9,"character":4},"end":{"line":13,"character":6}}},"detail":"LWC custom attribute"}]},"_properties":null,"_methods":[{"name":"handleSearchChange","type":"method","loc":{"start":{"line":17,"column":4},"end":{"line":20,"column":5}}},{"name":"searchProducts","type":"method","loc":{"start":{"line":23,"column":4},"end":{"line":39,"column":5}}}],"file":"c:/Users/10741544/clashingtitans/clashingtitans/force-app/main/default/lwc/productSearch/productSearch.js","metadata":{"decorators":[{"type":"track","targets":[{"name":"searchKey","type":"property"},{"name":"products","type":"property"},{"name":"error","type":"property"}]}],"classMembers":[{"name":"searchKey","type":"property","decorator":"track","loc":{"start":{"line":5,"column":4},"end":{"line":5,"column":26}}},{"name":"products","type":"property","decorator":"track","loc":{"start":{"line":6,"column":4},"end":{"line":6,"column":20}}},{"name":"error","type":"property","decorator":"track","loc":{"start":{"line":7,"column":4},"end":{"line":7,"column":17}}},{"name":"columns","type":"property","loc":{"start":{"line":10,"column":4},"end":{"line":14,"column":6}}},{"name":"handleSearchChange","type":"method","loc":{"start":{"line":17,"column":4},"end":{"line":20,"column":5}}},{"name":"searchProducts","type":"method","loc":{"start":{"line":23,"column":4},"end":{"line":39,"column":5}}}],"declarationLoc":{"start":{"line":4,"column":0},"end":{"line":40,"column":1}},"doc":"","exports":[{"type":"ExportDefaultDeclaration"}]},"updatedAt":"2025-05-24T10:35:54.085Z"},{"_allAttributes":{"publicAttributes":[],"privateAttributes":[{"name":"products","memberType":0,"decorator":1,"location":{"uri":"file:///c%3A/Users/10741544/clashingtitans/clashingtitans/force-app/main/default/lwc/productSearchAdvanced/productSearchAdvanced.js","range":{"start":{"line":5,"character":4},"end":{"line":5,"character":20}}},"detail":"LWC custom attribute"},{"name":"is-loading","memberType":0,"decorator":1,"location":{"uri":"file:///c%3A/Users/10741544/clashingtitans/clashingtitans/force-app/main/default/lwc/productSearchAdvanced/productSearchAdvanced.js","range":{"start":{"line":6,"character":4},"end":{"line":6,"character":29}}},"detail":"LWC custom attribute"},{"name":"has-results","memberType":0,"decorator":1,"location":{"uri":"file:///c%3A/Users/10741544/clashingtitans/clashingtitans/force-app/main/default/lwc/productSearchAdvanced/productSearchAdvanced.js","range":{"start":{"line":7,"character":4},"end":{"line":7,"character":30}}},"detail":"LWC custom attribute"},{"name":"show-no-results","memberType":0,"decorator":1,"location":{"uri":"file:///c%3A/Users/10741544/clashingtitans/clashingtitans/force-app/main/default/lwc/productSearchAdvanced/productSearchAdvanced.js","range":{"start":{"line":8,"character":4},"end":{"line":8,"character":33}}},"detail":"LWC custom attribute"},{"name":"search-term","memberType":0,"location":{"uri":"file:///c%3A/Users/10741544/clashingtitans/clashingtitans/force-app/main/default/lwc/productSearchAdvanced/productSearchAdvanced.js","range":{"start":{"line":9,"character":4},"end":{"line":9,"character":20}}},"detail":"LWC custom attribute"},{"name":"selected-product-id","memberType":0,"location":{"uri":"file:///c%3A/Users/10741544/clashingtitans/clashingtitans/force-app/main/default/lwc/productSearchAdvanced/productSearchAdvanced.js","range":{"start":{"line":47,"character":4},"end":{"line":47,"character":22}}},"detail":"LWC custom attribute"},{"name":"show-product-detail","memberType":0,"location":{"uri":"file:///c%3A/Users/10741544/clashingtitans/clashingtitans/force-app/main/default/lwc/productSearchAdvanced/productSearchAdvanced.js","range":{"start":{"line":48,"character":4},"end":{"line":48,"character":28}}},"detail":"LWC custom attribute"}]},"_properties":null,"_methods":[{"name":"handleSearchChange","type":"method","loc":{"start":{"line":13,"column":4},"end":{"line":16,"column":5}}},{"name":"searchProducts","type":"method","loc":{"start":{"line":19,"column":4},"end":{"line":45,"column":5}}},{"name":"handleRowClick","type":"method","loc":{"start":{"line":50,"column":4},"end":{"line":68,"column":5}}},{"name":"handleError","type":"method","loc":{"start":{"line":71,"column":4},"end":{"line":73,"column":5}}}],"file":"c:/Users/10741544/clashingtitans/clashingtitans/force-app/main/default/lwc/productSearchAdvanced/productSearchAdvanced.js","metadata":{"decorators":[{"type":"track","targets":[{"name":"products","type":"property"},{"name":"isLoading","type":"property"},{"name":"hasResults","type":"property"},{"name":"showNoResults","type":"property"}]}],"classMembers":[{"name":"products","type":"property","decorator":"track","loc":{"start":{"line":6,"column":4},"end":{"line":6,"column":20}}},{"name":"isLoading","type":"property","value":{"type":"boolean","value":false},"decorator":"track","loc":{"start":{"line":7,"column":4},"end":{"line":7,"column":29}}},{"name":"hasResults","type":"property","value":{"type":"boolean","value":false},"decorator":"track","loc":{"start":{"line":8,"column":4},"end":{"line":8,"column":30}}},{"name":"showNoResults","type":"property","value":{"type":"boolean","value":false},"decorator":"track","loc":{"start":{"line":9,"column":4},"end":{"line":9,"column":33}}},{"name":"searchTerm","type":"property","value":{"type":"string","value":""},"loc":{"start":{"line":10,"column":4},"end":{"line":10,"column":20}}},{"name":"handleSearchChange","type":"method","loc":{"start":{"line":13,"column":4},"end":{"line":16,"column":5}}},{"name":"searchProducts","type":"method","loc":{"start":{"line":19,"column":4},"end":{"line":45,"column":5}}},{"name":"selectedProductId","type":"property","loc":{"start":{"line":48,"column":4},"end":{"line":48,"column":22}}},{"name":"showProductDetail","type":"property","value":{"type":"boolean","value":false},"loc":{"start":{"line":49,"column":4},"end":{"line":49,"column":28}}},{"name":"handleRowClick","type":"method","loc":{"start":{"line":50,"column":4},"end":{"line":68,"column":5}}},{"name":"handleError","type":"method","loc":{"start":{"line":71,"column":4},"end":{"line":73,"column":5}}}],"declarationLoc":{"start":{"line":5,"column":0},"end":{"line":74,"column":1}},"doc":"","exports":[{"type":"ExportDefaultDeclaration"}]},"updatedAt":"2025-05-24T10:35:59.201Z"},{"_allAttributes":{"publicAttributes":[],"privateAttributes":[{"name":"selected-interval","memberType":0,"location":{"uri":"file:///c%3A/Users/10741544/clashingtitans/clashingtitans/force-app/main/default/lwc/getExpiredProducts/getExpiredProducts.js","range":{"start":{"line":5,"character":4},"end":{"line":5,"character":21}}},"detail":"LWC custom attribute"},{"name":"data","memberType":0,"location":{"uri":"file:///c%3A/Users/10741544/clashingtitans/clashingtitans/force-app/main/default/lwc/getExpiredProducts/getExpiredProducts.js","range":{"start":{"line":6,"character":4},"end":{"line":6,"character":9}}},"detail":"LWC custom attribute"},{"name":"is-loading","memberType":0,"location":{"uri":"file:///c%3A/Users/10741544/clashingtitans/clashingtitans/force-app/main/default/lwc/getExpiredProducts/getExpiredProducts.js","range":{"start":{"line":7,"character":4},"end":{"line":7,"character":14}}},"detail":"LWC custom attribute"},{"name":"has-results","memberType":0,"location":{"uri":"file:///c%3A/Users/10741544/clashingtitans/clashingtitans/force-app/main/default/lwc/getExpiredProducts/getExpiredProducts.js","range":{"start":{"line":8,"character":4},"end":{"line":8,"character":15}}},"detail":"LWC custom attribute"},{"name":"show-no-results","memberType":0,"location":{"uri":"file:///c%3A/Users/10741544/clashingtitans/clashingtitans/force-app/main/default/lwc/getExpiredProducts/getExpiredProducts.js","range":{"start":{"line":9,"character":4},"end":{"line":9,"character":18}}},"detail":"LWC custom attribute"},{"name":"columns","memberType":0,"location":{"uri":"file:///c%3A/Users/10741544/clashingtitans/clashingtitans/force-app/main/default/lwc/getExpiredProducts/getExpiredProducts.js","range":{"start":{"line":11,"character":4},"end":{"line":16,"character":6}}},"detail":"LWC custom attribute"},{"name":"interval-options","memberType":0,"location":{"uri":"file:///c%3A/Users/10741544/clashingtitans/clashingtitans/force-app/main/default/lwc/getExpiredProducts/getExpiredProducts.js","range":{"start":{"line":19,"character":4},"end":{"line":26,"character":6}}},"detail":"LWC custom attribute"}]},"_properties":null,"_methods":[{"name":"handleChange","type":"method","loc":{"start":{"line":29,"column":4},"end":{"line":33,"column":5}}},{"name":"fetchData","type":"method","loc":{"start":{"line":35,"column":4},"end":{"line":49,"column":5}}}],"file":"c:/Users/10741544/clashingtitans/clashingtitans/force-app/main/default/lwc/getExpiredProducts/getExpiredProducts.js","metadata":{"decorators":[],"classMembers":[{"name":"selectedInterval","type":"property","loc":{"start":{"line":6,"column":4},"end":{"line":6,"column":21}}},{"name":"data","type":"property","loc":{"start":{"line":7,"column":4},"end":{"line":7,"column":9}}},{"name":"isLoading","type":"property","loc":{"start":{"line":8,"column":4},"end":{"line":8,"column":14}}},{"name":"hasResults","type":"property","loc":{"start":{"line":9,"column":4},"end":{"line":9,"column":15}}},{"name":"showNoResults","type":"property","loc":{"start":{"line":10,"column":4},"end":{"line":10,"column":18}}},{"name":"columns","type":"property","loc":{"start":{"line":12,"column":4},"end":{"line":17,"column":6}}},{"name":"intervalOptions","type":"property","loc":{"start":{"line":20,"column":4},"end":{"line":27,"column":6}}},{"name":"handleChange","type":"method","loc":{"start":{"line":29,"column":4},"end":{"line":33,"column":5}}},{"name":"fetchData","type":"method","loc":{"start":{"line":35,"column":4},"end":{"line":49,"column":5}}}],"declarationLoc":{"start":{"line":5,"column":0},"end":{"line":50,"column":1}},"doc":"","exports":[{"type":"ExportDefaultDeclaration"}]},"updatedAt":"2025-05-24T10:35:36.577Z"}]