<?xml version="1.0" encoding="UTF-8"?>
<CustomField xmlns="http://soap.sforce.com/2006/04/metadata">
    <fullName>Most_Selling_Year__c</fullName>
    <externalId>false</externalId>
    <formula>YEAR(Recommended_Stock_Up_Date__c )</formula>
    <formulaTreatBlanksAs>BlankAsZero</formulaTreatBlanksAs>
    <label>Most Selling Year</label>
    <precision>18</precision>
    <required>false</required>
    <scale>2</scale>
    <trackHistory>false</trackHistory>
    <type>Number</type>
    <unique>false</unique>
</CustomField>
